{
    "message": "success",
    "data": {
        "has_more": false,
        "tip": "20条新内容",
        "has_new_message": false,
        "max_time": 1499741399,
        "min_time": 1499742064,
        "data": [
            {
                "group": {
                    "text": "暗恋小姨子很久了，一天趁老婆不在家约小姨子晚上来我家吃饭，小姨子穿着很性感，顿时让我起了贼心，一把把小姨子扑倒在沙发上，小姨子惊恐的看着我，姐夫你这样做会出事的！我坏笑到：诸葛亮！小姨子害羞的点了点头！",
                    "neihan_hot_start_time": "00-00-00",
                    "dislike_reason": [
                        {
                            "type": 2,
                            "id": 1,
                            "title": "吧:内涵段子"
                        },
                        {
                            "type": 4,
                            "id": 0,
                            "title": "内容重复"
                        },
                        {
                            "type": 3,
                            "id": 55121769167,
                            "title": "作者:贱贱的啊浪"
                        }
                    ],
                    "create_time": 1499010225,
                    "id": 62843295736,
                    "favorite_count": 45,
                    "go_detail_count": 241551,
                    "user_favorite": 0,
                    "share_type": 1,
                    "user": {
                        "user_id": 55121769167,
                        "name": "贱贱的啊浪",
                        "followings": 0,
                        "user_verified": false,
                        "ugc_count": 2,
                        "avatar_url": "http://p1.pstatp.com/medium/289c000d9e604748a4a6",
                        "followers": 23,
                        "is_following": false,
                        "is_pro_user": false
                    },
                    "is_can_share": 1,
                    "category_type": 1,
                    "share_url": "http://m.neihanshequ.com/share/group/62843295736/?iid=12051092680&app=joke_essay",
                    "label": 1,
                    "content": "暗恋小姨子很久了，一天趁老婆不在家约小姨子晚上来我家吃饭，小姨子穿着很性感，顿时让我起了贼心，一把把小姨子扑倒在沙发上，小姨子惊恐的看着我，姐夫你这样做会出事的！我坏笑到：诸葛亮！小姨子害羞的点了点头！",
                    "comment_count": 131,
                    "id_str": "62843295736",
                    "media_type": 0,
                    "share_count": 201,
                    "type": 3,
                    "status": 112,
                    "has_comments": 0,
                    "user_bury": 0,
                    "activity": {},
                    "status_desc": "热门发帖",
                    "quick_comment": false,
                    "display_type": 0,
                    "neihan_hot_end_time": "00-00-00",
                    "user_digg": 0,
                    "online_time": 1499010225,
                    "category_name": "内涵段子",
                    "category_visible": true,
                    "bury_count": 661,
                    "is_anonymous": false,
                    "repin_count": 45,
                    "is_neihan_hot": false,
                    "digg_count": 2247,
                    "has_hot_comments": 0,
                    "allow_dislike": true,
                    "user_repin": 0,
                    "neihan_hot_link": {},
                    "group_id": 62843295736,
                    "category_id": 1
                },
                "comments": [],
                "type": 1,
                "display_time": 1499742064,
                "online_time": 1499742064
            },
            {
                "group": {
                    "text": "巨友们好，希望大家帮忙给我宝宝想一个好听又好写的名字，本人姓肖。拜托段友们咯！",
                    "neihan_hot_start_time": "00-00-00",
                    "dislike_reason": [
                        {
                            "type": 2,
                            "id": 80,
                            "title": "吧:来自世界的恶意"
                        },
                        {
                            "type": 4,
                            "id": 0,
                            "title": "内容重复"
                        },
                        {
                            "type": 5,
                            "id": 0,
                            "title": "作者:匿名"
                        }
                    ],
                    "create_time": 1497969414,
                    "id": 62282724769,
                    "favorite_count": 28,
                    "go_detail_count": 91292,
                    "user_favorite": 0,
                    "share_type": 1,
                    "user": {
                        "user_id": -1,
                        "name": "匿名用户",
                        "followings": 0,
                        "user_verified": false,
                        "ugc_count": 0,
                        "avatar_url": "http://mat1.gtimg.com/www/mb/images/head_50.jpg",
                        "followers": 0,
                        "is_following": false,
                        "is_pro_user": false
                    },
                    "is_can_share": 1,
                    "category_type": 1,
                    "share_url": "http://m.neihanshequ.com/share/group/62282724769/?iid=12051092680&app=joke_essay",
                    "label": 4,
                    "content": "巨友们好，希望大家帮忙给我宝宝想一个好听又好写的名字，本人姓肖。拜托段友们咯！",
                    "comment_count": 3979,
                    "id_str": "62282724769",
                    "media_type": 0,
                    "share_count": 3626,
                    "type": 3,
                    "status": 103,
                    "has_comments": 0,
                    "user_bury": 0,
                    "activity": {},
                    "status_desc": "已发表，粉丝第一时间可见",
                    "quick_comment": false,
                    "display_type": 0,
                    "neihan_hot_end_time": "00-00-00",
                    "user_digg": 0,
                    "online_time": 1497969414,
                    "category_name": "来自世界的恶意",
                    "category_visible": true,
                    "bury_count": 386,
                    "is_anonymous": true,
                    "repin_count": 28,
                    "is_neihan_hot": false,
                    "digg_count": 2289,
                    "has_hot_comments": 0,
                    "allow_dislike": true,
                    "user_repin": 0,
                    "neihan_hot_link": {},
                    "group_id": 62282724769,
                    "category_id": 80
                },
                "comments": [],
                "type": 1,
                "display_time": 1499742029,
                "online_time": 1499742029
            },
            {
                "group": {
                    "text": "小表妹大一，娃娃脸，闲着没事就爱拉我去逛街！有天在商场遇到分手两年前女友，前女友说：“我去年嫁人了，你呢？估计还单着吧？”我用求救的眼神看着小表妹，想让她来冒充我女朋友！小表妹甜笑的过来拉住我的手：‘’人家想买那个5克拉的钻戒💍嘛，好不好，干爹！",
                    "neihan_hot_start_time": "00-00-00",
                    "dislike_reason": [
                        {
                            "type": 1,
                            "id": 302,
                            "title": "糗人糗事"
                        },
                        {
                            "type": 2,
                            "id": 59,
                            "title": "吧:突然觉得哪里不对"
                        },
                        {
                            "type": 4,
                            "id": 0,
                            "title": "内容重复"
                        },
                        {
                            "type": 3,
                            "id": 50865122380,
                            "title": "作者:小拳拳怕是要打死你呦"
                        }
                    ],
                    "create_time": 1498714204,
                    "id": 62684890320,
                    "favorite_count": 115,
                    "go_detail_count": 71661,
                    "user_favorite": 0,
                    "share_type": 1,
                    "user": {
                        "user_id": 50865122380,
                        "name": "小拳拳怕是要打死你呦",
                        "followings": 0,
                        "user_verified": false,
                        "ugc_count": 18,
                        "avatar_url": "http://p3.pstatp.com/medium/dce0000fddefb40b2ca",
                        "followers": 14,
                        "is_following": false,
                        "is_pro_user": false
                    },
                    "is_can_share": 1,
                    "category_type": 1,
                    "share_url": "http://m.neihanshequ.com/share/group/62684890320/?iid=12051092680&app=joke_essay",
                    "label": 1,
                    "content": "小表妹大一，娃娃脸，闲着没事就爱拉我去逛街！有天在商场遇到分手两年前女友，前女友说：“我去年嫁人了，你呢？估计还单着吧？”我用求救的眼神看着小表妹，想让她来冒充我女朋友！小表妹甜笑的过来拉住我的手：‘’人家想买那个5克拉的钻戒💍嘛，好不好，干爹！",
                    "comment_count": 142,
                    "id_str": "62684890320",
                    "media_type": 0,
                    "share_count": 202,
                    "type": 3,
                    "status": 112,
                    "has_comments": 1,
                    "user_bury": 0,
                    "activity": {},
                    "status_desc": "热门发帖",
                    "quick_comment": false,
                    "display_type": 0,
                    "neihan_hot_end_time": "00-00-00",
                    "user_digg": 0,
                    "online_time": 1498714204,
                    "category_name": "突然觉得哪里不对",
                    "category_visible": true,
                    "bury_count": 242,
                    "is_anonymous": false,
                    "repin_count": 115,
                    "is_neihan_hot": false,
                    "digg_count": 14613,
                    "has_hot_comments": 0,
                    "allow_dislike": true,
                    "user_repin": 0,
                    "neihan_hot_link": {},
                    "group_id": 62684890320,
                    "category_id": 59
                },
                "comments": [
                    {
                        "text": "前女友：卧槽",
                        "create_time": 1498726415,
                        "user_verified": false,
                        "user_bury": 0,
                        "user_id": 57346828300,
                        "bury_count": 0,
                        "share_url": "http://m.neihanshequ.com/share/group/62684890320/?comment_id=1571528548861954",
                        "id": 1571528548861954,
                        "platform": "feifei",
                        "is_digg": 0,
                        "user_name": "我的贱就是我的剑",
                        "user_profile_image_url": "http://p9.pstatp.com/thumb/1dcf000d33427542eacc",
                        "status": 5,
                        "description": "你爱或不爱，哥就这么帅",
                        "user_digg": 0,
                        "user_profile_url": "",
                        "share_type": 2,
                        "digg_count": 23328,
                        "is_pro_user": false,
                        "platform_id": "feifei",
                        "avatar_url": "http://p9.pstatp.com/thumb/1dcf000d33427542eacc",
                        "group_id": 62684890320
                    }
                ],
                "type": 1,
                "display_time": 1499741994,
                "online_time": 1499741994
            },
            {
                "online_time": 1499741960,
                "display_time": 1499741960,
                "type": 5,
                "ad": {
                    "log_extra": {
                        "rit": 11,
                        "ad_price": "WWNXywAIHQVZY1fLAAgdBa5hoKEuaxqmAagXAQ",
                        "req_id": "20170711110103010003047211982C2D",
                        "convert_id": 0
                    },
                    "open_url": "",
                    "track_url": "",
                    "display_info": "90后后网吧通宵玩的游戏，终于出手机版了！",
                    "web_url": "http://tg.yxou.com/jrttssjxbbtdt.htm",
                    "avatar_name": "沙城生死决-手游",
                    "id": 62650840410,
                    "display_image_height": 388,
                    "display_image_width": 690,
                    "title": "年轻人后网吧通宵玩的游戏，终于出手机版了！",
                    "label": "广告",
                    "track_url_list": [],
                    "display_image": "http://p1.pstatp.com/large/2c4e00042f58e6740d53",
                    "filter_words": [
                        {
                            "id": "1:1",
                            "name": "应用下载",
                            "is_selected": false
                        },
                        {
                            "id": "1:65",
                            "name": "移动游戏",
                            "is_selected": false
                        },
                        {
                            "id": "1:223",
                            "name": "角色扮演",
                            "is_selected": false
                        },
                        {
                            "id": "2:0",
                            "name": "来源:沙城生死决-手游",
                            "is_selected": false
                        },
                        {
                            "id": "4:2",
                            "name": "看过了",
                            "is_selected": false
                        }
                    ],
                    "type": "web",
                    "is_ad": 1,
                    "gif_url": "",
                    "ad_id": 62650840410,
                    "button_text": "查看详情",
                    "display_type": 3,
                    "click_delay": 0,
                    "ab_show_style": 2,
                    "avatar_url": "http://p1.pstatp.com/origin/9197/1375840585",
                    "end_time": 1814168451
                }
            },
            {
                "group": {
                    "text": "今晚加班、有个女同事拿一张一百元钞票给我看、她问我这是什么？我说一百元、她说不是、让我想想、我还是回答一百元、她生气了骂我、说我活该光棍！这都不认识。？？？我不明白？难道我说一百元钞票错了吗…",
                    "neihan_hot_start_time": "00-00-00",
                    "dislike_reason": [
                        {
                            "type": 1,
                            "id": 440,
                            "title": "内涵"
                        },
                        {
                            "type": 2,
                            "id": 1,
                            "title": "吧:内涵段子"
                        },
                        {
                            "type": 4,
                            "id": 0,
                            "title": "内容重复"
                        },
                        {
                            "type": 3,
                            "id": 6673780283,
                            "title": "作者:谷律布娜"
                        }
                    ],
                    "create_time": 1499043006,
                    "id": 62851527181,
                    "favorite_count": 116,
                    "go_detail_count": 589933,
                    "user_favorite": 0,
                    "share_type": 1,
                    "user": {
                        "user_id": 6673780283,
                        "name": "谷律布娜",
                        "followings": 0,
                        "user_verified": false,
                        "ugc_count": 340,
                        "avatar_url": "http://p3.pstatp.com/medium/2c5e0006a7e6355dc748",
                        "followers": 3358,
                        "is_following": false,
                        "is_pro_user": false
                    },
                    "is_can_share": 1,
                    "category_type": 1,
                    "share_url": "http://m.neihanshequ.com/share/group/62851527181/?iid=12051092680&app=joke_essay",
                    "label": 1,
                    "content": "今晚加班、有个女同事拿一张一百元钞票给我看、她问我这是什么？我说一百元、她说不是、让我想想、我还是回答一百元、她生气了骂我、说我活该光棍！这都不认识。？？？我不明白？难道我说一百元钞票错了吗…",
                    "comment_count": 579,
                    "id_str": "62851527181",
                    "media_type": 0,
                    "share_count": 1486,
                    "type": 3,
                    "status": 112,
                    "has_comments": 0,
                    "user_bury": 0,
                    "activity": {},
                    "status_desc": "热门发帖",
                    "quick_comment": false,
                    "display_type": 0,
                    "neihan_hot_end_time": "00-00-00",
                    "user_digg": 0,
                    "online_time": 1499043006,
                    "category_name": "内涵段子",
                    "category_visible": true,
                    "bury_count": 1027,
                    "is_anonymous": false,
                    "repin_count": 116,
                    "is_neihan_hot": false,
                    "digg_count": 5186,
                    "has_hot_comments": 0,
                    "allow_dislike": true,
                    "user_repin": 0,
                    "neihan_hot_link": {},
                    "group_id": 62851527181,
                    "category_id": 1
                },
                "comments": [],
                "type": 1,
                "display_time": 1499741959,
                "online_time": 1499741959
            },
            {
                "group": {
                    "text": "我是个大学生，女朋友怀孕了。怎么办，在线等",
                    "neihan_hot_start_time": "00-00-00",
                    "dislike_reason": [
                        {
                            "type": 2,
                            "id": 15,
                            "title": "吧:脑残对话"
                        },
                        {
                            "type": 4,
                            "id": 0,
                            "title": "内容重复"
                        },
                        {
                            "type": 5,
                            "id": 0,
                            "title": "作者:匿名"
                        }
                    ],
                    "create_time": 1497228890,
                    "id": 61862636639,
                    "favorite_count": 51,
                    "go_detail_count": 189496,
                    "user_favorite": 0,
                    "share_type": 1,
                    "user": {
                        "user_id": -1,
                        "name": "匿名用户",
                        "followings": 0,
                        "user_verified": false,
                        "ugc_count": 0,
                        "avatar_url": "http://mat1.gtimg.com/www/mb/images/head_50.jpg",
                        "followers": 0,
                        "is_following": false,
                        "is_pro_user": false
                    },
                    "is_can_share": 1,
                    "category_type": 2,
                    "share_url": "http://m.neihanshequ.com/share/group/61862636639/?iid=12051092680&app=joke_essay",
                    "label": 4,
                    "content": "我是个大学生，女朋友怀孕了。怎么办，在线等",
                    "comment_count": 2608,
                    "id_str": "61862636639",
                    "media_type": 0,
                    "share_count": 3497,
                    "type": 3,
                    "status": 103,
                    "has_comments": 0,
                    "user_bury": 0,
                    "activity": {},
                    "status_desc": "已发表，粉丝第一时间可见",
                    "quick_comment": false,
                    "display_type": 0,
                    "neihan_hot_end_time": "00-00-00",
                    "user_digg": 0,
                    "online_time": 1497228890,
                    "category_name": "脑残对话",
                    "category_visible": true,
                    "bury_count": 1431,
                    "is_anonymous": true,
                    "repin_count": 51,
                    "is_neihan_hot": false,
                    "digg_count": 7538,
                    "has_hot_comments": 0,
                    "allow_dislike": true,
                    "user_repin": 0,
                    "neihan_hot_link": {},
                    "group_id": 61862636639,
                    "category_id": 15
                },
                "comments": [],
                "type": 1,
                "display_time": 1499741924,
                "online_time": 1499741924
            },
            {
                "group": {
                    "text": "我发现一个赚钱的方法，，你先找A借500，，当A找你还钱时，你在找B借500还给他，当B找你还钱时，你在找A借500还给B....已次累推，就可以，赚500块钱。哈哈哈。我真是天才！！！！",
                    "neihan_hot_start_time": "00-00-00",
                    "dislike_reason": [
                        {
                            "type": 2,
                            "id": 59,
                            "title": "吧:突然觉得哪里不对"
                        },
                        {
                            "type": 4,
                            "id": 0,
                            "title": "内容重复"
                        },
                        {
                            "type": 3,
                            "id": 5985884961,
                            "title": "作者:狗头大军团首席执行官"
                        }
                    ],
                    "create_time": 1499508997,
                    "id": 63175929216,
                    "favorite_count": 6,
                    "go_detail_count": 26625,
                    "user_favorite": 0,
                    "share_type": 1,
                    "user": {
                        "user_id": 5985884961,
                        "name": "狗头大军团首席执行官",
                        "followings": 0,
                        "user_verified": false,
                        "ugc_count": 10,
                        "avatar_url": "http://p9.pstatp.com/medium/289d0014b2ab581e041b",
                        "followers": 9,
                        "is_following": false,
                        "is_pro_user": false
                    },
                    "is_can_share": 1,
                    "category_type": 1,
                    "share_url": "http://m.neihanshequ.com/share/group/63175929216/?iid=12051092680&app=joke_essay",
                    "label": 4,
                    "content": "我发现一个赚钱的方法，，你先找A借500，，当A找你还钱时，你在找B借500还给他，当B找你还钱时，你在找A借500还给B....已次累推，就可以，赚500块钱。哈哈哈。我真是天才！！！！",
                    "comment_count": 151,
                    "id_str": "63175929216",
                    "media_type": 0,
                    "share_count": 3,
                    "type": 3,
                    "status": 103,
                    "has_comments": 1,
                    "user_bury": 0,
                    "activity": {},
                    "status_desc": "已发表，粉丝第一时间可见",
                    "quick_comment": false,
                    "display_type": 0,
                    "neihan_hot_end_time": "00-00-00",
                    "user_digg": 0,
                    "online_time": 1499508997,
                    "category_name": "突然觉得哪里不对",
                    "category_visible": true,
                    "bury_count": 138,
                    "is_anonymous": false,
                    "repin_count": 6,
                    "is_neihan_hot": false,
                    "digg_count": 1155,
                    "has_hot_comments": 0,
                    "allow_dislike": true,
                    "user_repin": 0,
                    "neihan_hot_link": {},
                    "group_id": 63175929216,
                    "category_id": 59
                },
                "comments": [
                    {
                        "text": "借我500 A:不借！",
                        "create_time": 1499607563,
                        "user_verified": false,
                        "user_bury": 0,
                        "user_id": 6049141245,
                        "bury_count": 0,
                        "share_url": "http://m.neihanshequ.com/share/group/63175929216/?comment_id=1572452499686413",
                        "id": 1572452499686413,
                        "platform": "feifei",
                        "is_digg": 0,
                        "user_name": "独行侠77367605",
                        "user_profile_image_url": "http://wx.qlogo.cn/mmopen/7zwO3pRR0303TVljdsZ9l9icdAYziaWDqcLEHsIjL6fYYT1MHCIsicicjj3gBW6es5AAVwTkicECLv9RVOVeIJT1Y7HNOTpAibVbzM/64",
                        "status": 5,
                        "description": "",
                        "user_digg": 0,
                        "user_profile_url": "",
                        "share_type": 2,
                        "digg_count": 1303,
                        "is_pro_user": false,
                        "platform_id": "feifei",
                        "avatar_url": "http://wx.qlogo.cn/mmopen/7zwO3pRR0303TVljdsZ9l9icdAYziaWDqcLEHsIjL6fYYT1MHCIsicicjj3gBW6es5AAVwTkicECLv9RVOVeIJT1Y7HNOTpAibVbzM/64",
                        "group_id": 63175929216
                    }
                ],
                "type": 1,
                "display_time": 1499741889,
                "online_time": 1499741889
            },
            {
                "group": {
                    "text": "一好兄弟结婚，另外一基友特地画了800请一横店女生一起参加婚礼，婚礼上那女的含着泪死死的盯着新郎，盯久后大伙都慰问她怎么了，但她就是不说话，死死盯着新郎，盯到我那兄弟心里发虚。知道交换戒指那刻，她哭了。哭得比背景音乐还大声！然后跑了，跑了，跑！了！",
                    "neihan_hot_start_time": "00-00-00",
                    "dislike_reason": [
                        {
                            "type": 1,
                            "id": 302,
                            "title": "糗人糗事"
                        },
                        {
                            "type": 2,
                            "id": 1,
                            "title": "吧:内涵段子"
                        },
                        {
                            "type": 4,
                            "id": 0,
                            "title": "内容重复"
                        },
                        {
                            "type": 3,
                            "id": 6353747383,
                            "title": "作者:小新哒"
                        }
                    ],
                    "create_time": 1498192354,
                    "id": 62415211648,
                    "favorite_count": 570,
                    "go_detail_count": 442150,
                    "user_favorite": 0,
                    "share_type": 1,
                    "user": {
                        "user_id": 6353747383,
                        "name": "小新哒",
                        "followings": 0,
                        "user_verified": false,
                        "ugc_count": 114,
                        "avatar_url": "http://p3.pstatp.com/medium/1bf6001db1bf94efdae5",
                        "followers": 84,
                        "is_following": false,
                        "is_pro_user": false
                    },
                    "is_can_share": 1,
                    "category_type": 1,
                    "share_url": "http://m.neihanshequ.com/share/group/62415211648/?iid=12051092680&app=joke_essay",
                    "label": 1,
                    "content": "一好兄弟结婚，另外一基友特地画了800请一横店女生一起参加婚礼，婚礼上那女的含着泪死死的盯着新郎，盯久后大伙都慰问她怎么了，但她就是不说话，死死盯着新郎，盯到我那兄弟心里发虚。知道交换戒指那刻，她哭了。哭得比背景音乐还大声！然后跑了，跑了，跑！了！",
                    "comment_count": 394,
                    "id_str": "62415211648",
                    "media_type": 0,
                    "share_count": 580,
                    "type": 3,
                    "status": 112,
                    "has_comments": 0,
                    "user_bury": 0,
                    "activity": {},
                    "status_desc": "热门发帖",
                    "quick_comment": false,
                    "display_type": 0,
                    "neihan_hot_end_time": "00-00-00",
                    "user_digg": 0,
                    "online_time": 1498192354,
                    "category_name": "内涵段子",
                    "category_visible": true,
                    "bury_count": 752,
                    "is_anonymous": false,
                    "repin_count": 570,
                    "is_neihan_hot": false,
                    "digg_count": 21190,
                    "has_hot_comments": 0,
                    "allow_dislike": true,
                    "user_repin": 0,
                    "neihan_hot_link": {},
                    "group_id": 62415211648,
                    "category_id": 1
                },
                "comments": [],
                "type": 1,
                "display_time": 1499741854,
                "online_time": 1499741854
            },
            {
                "group": {
                    "text": "我18，她27，她是台湾人，为什么我们在一起所有人都反对，呵呵",
                    "neihan_hot_start_time": "00-00-00",
                    "dislike_reason": [
                        {
                            "type": 2,
                            "id": 1,
                            "title": "吧:内涵段子"
                        },
                        {
                            "type": 4,
                            "id": 0,
                            "title": "内容重复"
                        },
                        {
                            "type": 5,
                            "id": 0,
                            "title": "作者:匿名"
                        }
                    ],
                    "create_time": 1499655674,
                    "id": 63252733826,
                    "favorite_count": 0,
                    "go_detail_count": 4,
                    "user_favorite": 0,
                    "share_type": 1,
                    "user": {
                        "user_id": -1,
                        "name": "匿名用户",
                        "followings": 0,
                        "user_verified": false,
                        "ugc_count": 0,
                        "avatar_url": "http://mat1.gtimg.com/www/mb/images/head_50.jpg",
                        "followers": 0,
                        "is_following": false,
                        "is_pro_user": false
                    },
                    "is_can_share": 1,
                    "category_type": 1,
                    "share_url": "http://m.neihanshequ.com/share/group/63252733826/?iid=12051092680&app=joke_essay",
                    "label": 4,
                    "content": "我18，她27，她是台湾人，为什么我们在一起所有人都反对，呵呵",
                    "comment_count": 0,
                    "id_str": "63252733826",
                    "media_type": 0,
                    "share_count": 0,
                    "type": 3,
                    "status": 140,
                    "has_comments": 0,
                    "user_bury": 0,
                    "activity": {},
                    "status_desc": "已发表，粉丝第一时间可见",
                    "quick_comment": false,
                    "display_type": 0,
                    "neihan_hot_end_time": "00-00-00",
                    "user_digg": 0,
                    "online_time": 1499655674,
                    "category_name": "内涵段子",
                    "category_visible": true,
                    "bury_count": 2,
                    "is_anonymous": true,
                    "repin_count": 0,
                    "is_neihan_hot": false,
                    "digg_count": 7,
                    "has_hot_comments": 0,
                    "allow_dislike": true,
                    "user_repin": 0,
                    "neihan_hot_link": {},
                    "group_id": 63252733826,
                    "category_id": 1
                },
                "comments": [],
                "type": 1,
                "display_time": 1499741819,
                "online_time": 1499741819
            },
            {
                "group": {
                    "text": "诺贝尔的所有奖项里没有数学奖，他的老婆跟一个数学家跑了。",
                    "neihan_hot_start_time": "00-00-00",
                    "dislike_reason": [
                        {
                            "type": 1,
                            "id": 319,
                            "title": "恶搞"
                        },
                        {
                            "type": 2,
                            "id": 59,
                            "title": "吧:突然觉得哪里不对"
                        },
                        {
                            "type": 4,
                            "id": 0,
                            "title": "内容重复"
                        },
                        {
                            "type": 3,
                            "id": 60469581759,
                            "title": "作者:听屎落在青青草原"
                        }
                    ],
                    "create_time": 1497926357,
                    "id": 62252576720,
                    "favorite_count": 211,
                    "go_detail_count": 101612,
                    "user_favorite": 0,
                    "share_type": 1,
                    "user": {
                        "user_id": 60469581759,
                        "name": "听屎落在青青草原",
                        "followings": 0,
                        "user_verified": false,
                        "ugc_count": 2,
                        "avatar_url": "http://p3.pstatp.com/medium/289e000c3fc642406480",
                        "followers": 19,
                        "is_following": false,
                        "is_pro_user": false
                    },
                    "is_can_share": 1,
                    "category_type": 1,
                    "share_url": "http://m.neihanshequ.com/share/group/62252576720/?iid=12051092680&app=joke_essay",
                    "label": 1,
                    "content": "诺贝尔的所有奖项里没有数学奖，他的老婆跟一个数学家跑了。",
                    "comment_count": 130,
                    "id_str": "62252576720",
                    "media_type": 0,
                    "share_count": 211,
                    "type": 3,
                    "status": 112,
                    "has_comments": 1,
                    "user_bury": 0,
                    "activity": {},
                    "status_desc": "热门发帖",
                    "quick_comment": false,
                    "display_type": 0,
                    "neihan_hot_end_time": "00-00-00",
                    "user_digg": 0,
                    "online_time": 1497926357,
                    "category_name": "突然觉得哪里不对",
                    "category_visible": true,
                    "bury_count": 275,
                    "is_anonymous": false,
                    "repin_count": 211,
                    "is_neihan_hot": false,
                    "digg_count": 12412,
                    "has_hot_comments": 0,
                    "allow_dislike": true,
                    "user_repin": 0,
                    "neihan_hot_link": {},
                    "group_id": 62252576720,
                    "category_id": 59
                },
                "comments": [
                    {
                        "text": "这好像是真的",
                        "create_time": 1497931434,
                        "user_verified": false,
                        "user_bury": 0,
                        "user_id": 52000686882,
                        "bury_count": 0,
                        "share_url": "http://m.neihanshequ.com/share/group/62252576720/?comment_id=1570694951385090",
                        "id": 1570694951385090,
                        "platform": "feifei",
                        "is_digg": 0,
                        "user_name": "嫣然水墨",
                        "user_profile_image_url": "http://p3.pstatp.com/thumb/289c000cbe573375a315",
                        "status": 5,
                        "description": "",
                        "user_digg": 0,
                        "user_profile_url": "",
                        "share_type": 2,
                        "digg_count": 20703,
                        "is_pro_user": false,
                        "platform_id": "feifei",
                        "avatar_url": "http://p3.pstatp.com/thumb/289c000cbe573375a315",
                        "group_id": 62252576720
                    }
                ],
                "type": 1,
                "display_time": 1499741784,
                "online_time": 1499741784
            },
            {
                "group": {
                    "text": "到水库钓鱼，到了才发现只带了一副钩，刚开始不停连杆鲫鱼，过了会儿安静得不像样子，旁边一大爷看着我的漂说了句，还想钓就提竿，我没听他的，过了几秒瞬间黑漂，我一提竿～啪。然后我就回家了😂",
                    "neihan_hot_start_time": "00-00-00",
                    "dislike_reason": [
                        {
                            "type": 1,
                            "id": 302,
                            "title": "糗人糗事"
                        },
                        {
                            "type": 2,
                            "id": 1,
                            "title": "吧:内涵段子"
                        },
                        {
                            "type": 4,
                            "id": 0,
                            "title": "内容重复"
                        },
                        {
                            "type": 3,
                            "id": 3132031998,
                            "title": "作者:米饭面条儿"
                        }
                    ],
                    "create_time": 1498545861,
                    "id": 62580203808,
                    "favorite_count": 39,
                    "go_detail_count": 158027,
                    "user_favorite": 0,
                    "share_type": 1,
                    "user": {
                        "user_id": 3132031998,
                        "name": "米饭面条儿",
                        "followings": 0,
                        "user_verified": false,
                        "ugc_count": 22,
                        "avatar_url": "http://p1.pstatp.com/medium/2499001a2e9176c2d9ae",
                        "followers": 39,
                        "is_following": false,
                        "is_pro_user": false
                    },
                    "is_can_share": 1,
                    "category_type": 1,
                    "share_url": "http://m.neihanshequ.com/share/group/62580203808/?iid=12051092680&app=joke_essay",
                    "label": 1,
                    "content": "到水库钓鱼，到了才发现只带了一副钩，刚开始不停连杆鲫鱼，过了会儿安静得不像样子，旁边一大爷看着我的漂说了句，还想钓就提竿，我没听他的，过了几秒瞬间黑漂，我一提竿～啪。然后我就回家了😂",
                    "comment_count": 68,
                    "id_str": "62580203808",
                    "media_type": 0,
                    "share_count": 108,
                    "type": 3,
                    "status": 112,
                    "has_comments": 1,
                    "user_bury": 0,
                    "activity": {},
                    "status_desc": "热门发帖",
                    "quick_comment": false,
                    "display_type": 0,
                    "neihan_hot_end_time": "00-00-00",
                    "user_digg": 0,
                    "online_time": 1498545861,
                    "category_name": "内涵段子",
                    "category_visible": true,
                    "bury_count": 346,
                    "is_anonymous": false,
                    "repin_count": 39,
                    "is_neihan_hot": false,
                    "digg_count": 4754,
                    "has_hot_comments": 0,
                    "allow_dislike": true,
                    "user_repin": 0,
                    "neihan_hot_link": {},
                    "group_id": 62580203808,
                    "category_id": 1
                },
                "comments": [
                    {
                        "text": "小鱼连竿的时候突然没口了 说明窝里进大鱼了",
                        "create_time": 1498650125,
                        "user_verified": false,
                        "user_bury": 0,
                        "user_id": 5780900525,
                        "bury_count": 0,
                        "share_url": "http://m.neihanshequ.com/share/group/62580203808/?comment_id=1571448553238529",
                        "id": 1571448553238529,
                        "platform": "feifei",
                        "is_digg": 0,
                        "user_name": "爱我你的挂八档",
                        "user_profile_image_url": "http://p0.pstatp.com/origin/3793/3114521287",
                        "status": 5,
                        "description": "",
                        "user_digg": 0,
                        "user_profile_url": "",
                        "share_type": 2,
                        "digg_count": 5538,
                        "is_pro_user": false,
                        "platform_id": "feifei",
                        "avatar_url": "http://p0.pstatp.com/origin/3793/3114521287",
                        "group_id": 62580203808
                    }
                ],
                "type": 1,
                "display_time": 1499741749,
                "online_time": 1499741749
            },
            {
                "online_time": 1499741715,
                "display_time": 1499741715,
                "type": 5,
                "ad": {
                    "log_extra": {
                        "rit": 11,
                        "ad_price": "WWNXywAIHQVZY1fLAAgdBa5hoKEuatv6-y7FSA",
                        "req_id": "20170711110103010003047211982C2D",
                        "convert_id": 62867943803
                    },
                    "open_url": "",
                    "track_url": "",
                    "display_info": "说出来你可能不信，超S级的游戏上线了！逼真到舔屏！",
                    "web_url": "http://ad.toutiao.com/tetris/page/52202955703/",
                    "appleid": "",
                    "id": 63081016248,
                    "display_image_height": 720,
                    "display_image_width": 1280,
                    "title": "说出来你可能不信，超S级的游戏上线了！逼真到舔屏！",
                    "download_url": "http://cdnapp-all-studio.uuzuonline.com/225/2106/1.1.8/12496/JunShiLianMeng_youzu_1.1.8.apk",
                    "label": "广告",
                    "source": null,
                    "track_url_list": [],
                    "display_image": "http://p3.pstatp.com/large/29e6001962df32e9c158",
                    "filter_words": [
                        {
                            "id": "1:1",
                            "name": "应用下载",
                            "is_selected": false
                        },
                        {
                            "id": "1:65",
                            "name": "移动游戏",
                            "is_selected": false
                        },
                        {
                            "id": "1:217",
                            "name": "网络游戏",
                            "is_selected": false
                        },
                        {
                            "id": "4:2",
                            "name": "看过了",
                            "is_selected": false
                        }
                    ],
                    "avatar_name": "军师联盟",
                    "type": "app",
                    "is_ad": 1,
                    "end_time": 1814931378,
                    "gif_url": "",
                    "ad_id": 63081016248,
                    "button_text": "立即下载",
                    "display_type": 5,
                    "video_play_in_detail": false,
                    "click_delay": 0,
                    "ab_show_style": 2,
                    "package": "com.Fancy.jslm",
                    "hide_if_exists": 0,
                    "video_info": {
                        "video_url": "http://i.snssdk.com/neihan/video/playback/?video_id=0446e63b09944d0792a1e64e2d96a8ce&quality=360p&line=0",
                        "backup_url": "http://i.snssdk.com/neihan/video/playback/?video_id=0446e63b09944d0792a1e64e2d96a8ce&quality=360p&line=1",
                        "cover_url": "http://p3.pstatp.com/large/29e6001962df32e9c158",
                        "height": 720,
                        "width_height_ratio": 1.78,
                        "width": 1280,
                        "video_duration": 15
                    },
                    "avatar_url": "http://p1.pstatp.com/origin/9197/1375840585",
                    "ipa_url": "",
                    "video_auto_play": 0
                }
            },
            {
                "group": {
                    "text": "老爸是个警察，现在退休了，每天都絮叨：“你爸当了一辈子警察，唯独有两个遗憾，第一个遗憾是失手让一个持刀歹徒逃走；第二个遗憾是没有在你30岁之前，把你这个臭丫头嫁出去...我笑着说道：“爸，你说啥呢！我今年才29，今天我就完成你的遗憾，人我都带来了...”说完，我就把男朋友从门外拽了进来...老爸见到我的男朋友后，二话没说，一个熟悉的擒拿手，就把我的男朋友按在了地上...",
                    "neihan_hot_start_time": "00-00-00",
                    "dislike_reason": [
                        {
                            "type": 1,
                            "id": 319,
                            "title": "恶搞"
                        },
                        {
                            "type": 2,
                            "id": 80,
                            "title": "吧:来自世界的恶意"
                        },
                        {
                            "type": 4,
                            "id": 0,
                            "title": "内容重复"
                        },
                        {
                            "type": 3,
                            "id": 51440532714,
                            "title": "作者:妖孽白MDZZ"
                        }
                    ],
                    "create_time": 1498029324,
                    "id": 62316700113,
                    "favorite_count": 38,
                    "go_detail_count": 57568,
                    "user_favorite": 0,
                    "share_type": 1,
                    "user": {
                        "user_id": 51440532714,
                        "name": "妖孽白MDZZ",
                        "followings": 0,
                        "user_verified": false,
                        "ugc_count": 134,
                        "avatar_url": "http://p3.pstatp.com/medium/216e001eed10f913a8e0",
                        "followers": 61,
                        "is_following": false,
                        "is_pro_user": false
                    },
                    "is_can_share": 1,
                    "category_type": 1,
                    "share_url": "http://m.neihanshequ.com/share/group/62316700113/?iid=12051092680&app=joke_essay",
                    "label": 1,
                    "content": "老爸是个警察，现在退休了，每天都絮叨：“你爸当了一辈子警察，唯独有两个遗憾，第一个遗憾是失手让一个持刀歹徒逃走；第二个遗憾是没有在你30岁之前，把你这个臭丫头嫁出去...我笑着说道：“爸，你说啥呢！我今年才29，今天我就完成你的遗憾，人我都带来了...”说完，我就把男朋友从门外拽了进来...老爸见到我的男朋友后，二话没说，一个熟悉的擒拿手，就把我的男朋友按在了地上...",
                    "comment_count": 104,
                    "id_str": "62316700113",
                    "media_type": 0,
                    "share_count": 94,
                    "type": 3,
                    "status": 112,
                    "has_comments": 0,
                    "user_bury": 0,
                    "activity": {},
                    "status_desc": "热门发帖",
                    "quick_comment": false,
                    "display_type": 0,
                    "neihan_hot_end_time": "00-00-00",
                    "user_digg": 0,
                    "online_time": 1498029324,
                    "category_name": "来自世界的恶意",
                    "category_visible": true,
                    "bury_count": 231,
                    "is_anonymous": false,
                    "repin_count": 38,
                    "is_neihan_hot": false,
                    "digg_count": 3731,
                    "has_hot_comments": 0,
                    "allow_dislike": true,
                    "user_repin": 0,
                    "neihan_hot_link": {},
                    "group_id": 62316700113,
                    "category_id": 80
                },
                "comments": [],
                "type": 1,
                "display_time": 1499741714,
                "online_time": 1499741714
            },
            {
                "group": {
                    "text": "上次开了一辆宾利去参加同学聚会，为了装比故意把钱包扔到副驾上，然后在饭桌上打电话给酒店前台叫酒店派人上来拿车钥匙去车里帮我拿包，刚跟酒店报出车牌号沪AXXXXX后旁边一位同学愣了一下，然后拿起电话打了出去：“喂，今天是不是有辆宾利租出去了？沪AXXXX？噢，这样子，你把租金免掉，这是我一同学租的，就这样！”，然后我就呵呵呵呵.呵呵呵呵。",
                    "neihan_hot_start_time": "00-00-00",
                    "dislike_reason": [
                        {
                            "type": 1,
                            "id": 302,
                            "title": "糗人糗事"
                        },
                        {
                            "type": 2,
                            "id": 80,
                            "title": "吧:来自世界的恶意"
                        },
                        {
                            "type": 4,
                            "id": 0,
                            "title": "内容重复"
                        },
                        {
                            "type": 3,
                            "id": 50904662047,
                            "title": "作者:ED小黄毛"
                        }
                    ],
                    "create_time": 1497171384,
                    "id": 61838789253,
                    "favorite_count": 22,
                    "go_detail_count": 42932,
                    "user_favorite": 0,
                    "share_type": 1,
                    "user": {
                        "user_id": 50904662047,
                        "name": "ED小黄毛",
                        "followings": 0,
                        "user_verified": false,
                        "ugc_count": 16,
                        "avatar_url": "http://p3.pstatp.com/medium/216c0026a48bda1e7a65",
                        "followers": 5,
                        "is_following": false,
                        "is_pro_user": false
                    },
                    "is_can_share": 1,
                    "category_type": 1,
                    "share_url": "http://m.neihanshequ.com/share/group/61838789253/?iid=12051092680&app=joke_essay",
                    "label": 1,
                    "content": "上次开了一辆宾利去参加同学聚会，为了装比故意把钱包扔到副驾上，然后在饭桌上打电话给酒店前台叫酒店派人上来拿车钥匙去车里帮我拿包，刚跟酒店报出车牌号沪AXXXXX后旁边一位同学愣了一下，然后拿起电话打了出去：“喂，今天是不是有辆宾利租出去了？沪AXXXX？噢，这样子，你把租金免掉，这是我一同学租的，就这样！”，然后我就呵呵呵呵.呵呵呵呵。",
                    "comment_count": 50,
                    "id_str": "61838789253",
                    "media_type": 0,
                    "share_count": 76,
                    "type": 3,
                    "status": 112,
                    "has_comments": 0,
                    "user_bury": 0,
                    "activity": {},
                    "status_desc": "热门发帖",
                    "quick_comment": false,
                    "display_type": 0,
                    "neihan_hot_end_time": "00-00-00",
                    "user_digg": 0,
                    "online_time": 1497171384,
                    "category_name": "来自世界的恶意",
                    "category_visible": true,
                    "bury_count": 187,
                    "is_anonymous": false,
                    "repin_count": 22,
                    "is_neihan_hot": false,
                    "digg_count": 2846,
                    "has_hot_comments": 0,
                    "allow_dislike": true,
                    "user_repin": 0,
                    "neihan_hot_link": {},
                    "group_id": 61838789253,
                    "category_id": 80
                },
                "comments": [],
                "type": 1,
                "display_time": 1499741679,
                "online_time": 1499741679
            },
            {
                "group": {
                    "text": "女生洗澡前，就在镜子前嘟嘴卖萌，我会乱说？ 女生对着镜子脱衣服，脱剩罩罩的时候，对着镜子挤乳沟，我会乱说？ 女生脱裤子的时候都会拍拍自己的臀部，对自己的臀部不够翘，不够弹性而抱怨，我会乱说？ 长发女生洗头发时，披散湿漉漉的头发在镜子面前扮女鬼我会乱说吗？ 女生洗澡时都喜欢站着尿尿我会乱说吗？",
                    "neihan_hot_start_time": "00-00-00",
                    "dislike_reason": [
                        {
                            "type": 1,
                            "id": 351,
                            "title": "吐槽"
                        },
                        {
                            "type": 2,
                            "id": 59,
                            "title": "吧:突然觉得哪里不对"
                        },
                        {
                            "type": 4,
                            "id": 0,
                            "title": "内容重复"
                        },
                        {
                            "type": 3,
                            "id": 2975141524,
                            "title": "作者:道_青冥"
                        }
                    ],
                    "create_time": 1499388950,
                    "id": 63072399415,
                    "favorite_count": 249,
                    "go_detail_count": 42199,
                    "user_favorite": 0,
                    "share_type": 1,
                    "user": {
                        "user_id": 2975141524,
                        "name": "道_青冥",
                        "followings": 0,
                        "user_verified": false,
                        "ugc_count": 532,
                        "avatar_url": "http://p1.pstatp.com/medium/2bd8001a244c7f64ab6e",
                        "followers": 1423,
                        "is_following": false,
                        "is_pro_user": false
                    },
                    "is_can_share": 1,
                    "category_type": 1,
                    "share_url": "http://m.neihanshequ.com/share/group/63072399415/?iid=12051092680&app=joke_essay",
                    "label": 4,
                    "content": "女生洗澡前，就在镜子前嘟嘴卖萌，我会乱说？ 女生对着镜子脱衣服，脱剩罩罩的时候，对着镜子挤乳沟，我会乱说？ 女生脱裤子的时候都会拍拍自己的臀部，对自己的臀部不够翘，不够弹性而抱怨，我会乱说？ 长发女生洗头发时，披散湿漉漉的头发在镜子面前扮女鬼我会乱说吗？ 女生洗澡时都喜欢站着尿尿我会乱说吗？",
                    "comment_count": 266,
                    "id_str": "63072399415",
                    "media_type": 0,
                    "share_count": 182,
                    "type": 3,
                    "status": 103,
                    "has_comments": 1,
                    "user_bury": 0,
                    "activity": {},
                    "status_desc": "已发表，粉丝第一时间可见",
                    "quick_comment": false,
                    "display_type": 0,
                    "neihan_hot_end_time": "00-00-00",
                    "user_digg": 0,
                    "online_time": 1499388950,
                    "category_name": "突然觉得哪里不对",
                    "category_visible": true,
                    "bury_count": 298,
                    "is_anonymous": false,
                    "repin_count": 249,
                    "is_neihan_hot": false,
                    "digg_count": 7108,
                    "has_hot_comments": 0,
                    "allow_dislike": true,
                    "user_repin": 0,
                    "neihan_hot_link": {},
                    "group_id": 63072399415,
                    "category_id": 59
                },
                "comments": [
                    {
                        "text": "我在思考，楼主作为一个男人怎么了解的这么透彻",
                        "create_time": 1499500377,
                        "user_verified": false,
                        "user_bury": 0,
                        "user_id": 6288287425,
                        "bury_count": 0,
                        "share_url": "http://m.neihanshequ.com/share/group/63072399415/?comment_id=1572340106888205",
                        "id": 1572340106888205,
                        "platform": "feifei",
                        "is_digg": 0,
                        "user_name": "-掉毛的天使",
                        "user_profile_image_url": "http://p3.pstatp.com/thumb/2bd8001cdcd8fb77a945",
                        "status": 5,
                        "description": "",
                        "user_digg": 0,
                        "user_profile_url": "",
                        "share_type": 2,
                        "digg_count": 9672,
                        "is_pro_user": false,
                        "platform_id": "feifei",
                        "avatar_url": "http://p3.pstatp.com/thumb/2bd8001cdcd8fb77a945",
                        "group_id": 63072399415
                    }
                ],
                "type": 1,
                "display_time": 1499741644,
                "online_time": 1499741644
            },
            {
                "group": {
                    "text": "伊拉克战争期间最流行的三个词：和平peace,战争war.发现found,把这三个英文单词连起来大声读三遍，你会揭开一个重大历史谜团。",
                    "neihan_hot_start_time": "00-00-00",
                    "dislike_reason": [
                        {
                            "type": 1,
                            "id": 319,
                            "title": "恶搞"
                        },
                        {
                            "type": 2,
                            "id": 1,
                            "title": "吧:内涵段子"
                        },
                        {
                            "type": 4,
                            "id": 0,
                            "title": "内容重复"
                        },
                        {
                            "type": 3,
                            "id": 5994477691,
                            "title": "作者:原谅帽上饶分部总经理"
                        }
                    ],
                    "create_time": 1497756095,
                    "id": 62167382463,
                    "favorite_count": 364,
                    "go_detail_count": 309927,
                    "user_favorite": 0,
                    "share_type": 1,
                    "user": {
                        "user_id": 5994477691,
                        "name": "原谅帽上饶分部总经理",
                        "followings": 0,
                        "user_verified": false,
                        "ugc_count": 67,
                        "avatar_url": "http://p1.pstatp.com/medium/289c0009db04e2b7f8b4",
                        "followers": 91,
                        "is_following": false,
                        "is_pro_user": false
                    },
                    "is_can_share": 1,
                    "category_type": 1,
                    "share_url": "http://m.neihanshequ.com/share/group/62167382463/?iid=12051092680&app=joke_essay",
                    "label": 1,
                    "content": "伊拉克战争期间最流行的三个词：和平peace,战争war.发现found,把这三个英文单词连起来大声读三遍，你会揭开一个重大历史谜团。",
                    "comment_count": 392,
                    "id_str": "62167382463",
                    "media_type": 0,
                    "share_count": 1099,
                    "type": 3,
                    "status": 112,
                    "has_comments": 0,
                    "user_bury": 0,
                    "activity": {},
                    "status_desc": "热门发帖",
                    "quick_comment": false,
                    "display_type": 0,
                    "neihan_hot_end_time": "00-00-00",
                    "user_digg": 0,
                    "online_time": 1497756095,
                    "category_name": "内涵段子",
                    "category_visible": true,
                    "bury_count": 827,
                    "is_anonymous": false,
                    "repin_count": 364,
                    "is_neihan_hot": false,
                    "digg_count": 4123,
                    "has_hot_comments": 0,
                    "allow_dislike": true,
                    "user_repin": 0,
                    "neihan_hot_link": {},
                    "group_id": 62167382463,
                    "category_id": 1
                },
                "comments": [],
                "type": 1,
                "display_time": 1499741609,
                "online_time": 1499741609
            },
            {
                "group": {
                    "text": "和老婆一起逛首饰店，她看中一款好几千的戒指。我不想买，说：“这戒指这么贵是加了什么属性吗？是加攻击值还是加智力值啊？”老婆一听，脸顿时拉长了。营业员微笑着对我说：……",
                    "neihan_hot_start_time": "00-00-00",
                    "dislike_reason": [
                        {
                            "type": 2,
                            "id": 59,
                            "title": "吧:突然觉得哪里不对"
                        },
                        {
                            "type": 4,
                            "id": 0,
                            "title": "内容重复"
                        },
                        {
                            "type": 3,
                            "id": 4718899060,
                            "title": "作者:如尘47627461"
                        }
                    ],
                    "create_time": 1499381046,
                    "id": 63067782801,
                    "favorite_count": 21,
                    "go_detail_count": 133089,
                    "user_favorite": 0,
                    "share_type": 1,
                    "user": {
                        "user_id": 4718899060,
                        "name": "如尘47627461",
                        "followings": 0,
                        "user_verified": false,
                        "ugc_count": 17,
                        "avatar_url": "http://wx.qlogo.cn/mmopen/TCAQ1icapyf3YIENsOmN7DrWzvZySz42ESgEf1vibJY5Aq4GotvdkSiaKVbbBuvvpiaz4vKjjqd2WLbcD4icHQQVicHg/0",
                        "followers": 28,
                        "is_following": false,
                        "is_pro_user": false
                    },
                    "is_can_share": 1,
                    "category_type": 1,
                    "share_url": "http://m.neihanshequ.com/share/group/63067782801/?iid=12051092680&app=joke_essay",
                    "label": 1,
                    "content": "和老婆一起逛首饰店，她看中一款好几千的戒指。我不想买，说：“这戒指这么贵是加了什么属性吗？是加攻击值还是加智力值啊？”老婆一听，脸顿时拉长了。营业员微笑着对我说：……",
                    "comment_count": 480,
                    "id_str": "63067782801",
                    "media_type": 0,
                    "share_count": 31,
                    "type": 3,
                    "status": 112,
                    "has_comments": 0,
                    "user_bury": 0,
                    "activity": {},
                    "status_desc": "热门发帖",
                    "quick_comment": false,
                    "display_type": 0,
                    "neihan_hot_end_time": "00-00-00",
                    "user_digg": 0,
                    "online_time": 1499381046,
                    "category_name": "突然觉得哪里不对",
                    "category_visible": true,
                    "bury_count": 502,
                    "is_anonymous": false,
                    "repin_count": 21,
                    "is_neihan_hot": false,
                    "digg_count": 2431,
                    "has_hot_comments": 0,
                    "allow_dislike": true,
                    "user_repin": 0,
                    "neihan_hot_link": {},
                    "group_id": 63067782801,
                    "category_id": 59
                },
                "comments": [],
                "type": 1,
                "display_time": 1499741574,
                "online_time": 1499741574
            },
            {
                "group": {
                    "text": "怎样形容男人的很大呢？求神评",
                    "neihan_hot_start_time": "00-00-00",
                    "dislike_reason": [
                        {
                            "type": 2,
                            "id": 1,
                            "title": "吧:内涵段子"
                        },
                        {
                            "type": 4,
                            "id": 0,
                            "title": "内容重复"
                        },
                        {
                            "type": 3,
                            "id": 6136288127,
                            "title": "作者:的忧伤13"
                        }
                    ],
                    "create_time": 1499655582,
                    "id": 63252737084,
                    "favorite_count": 0,
                    "go_detail_count": 3,
                    "user_favorite": 0,
                    "share_type": 1,
                    "user": {
                        "user_id": 6136288127,
                        "name": "的忧伤13",
                        "followings": 0,
                        "user_verified": false,
                        "ugc_count": 6,
                        "avatar_url": "http://p3.pstatp.com/medium/2c6a000f8fafa5f1d3a6",
                        "followers": 1,
                        "is_following": false,
                        "is_pro_user": false
                    },
                    "is_can_share": 1,
                    "category_type": 1,
                    "share_url": "http://m.neihanshequ.com/share/group/63252737084/?iid=12051092680&app=joke_essay",
                    "label": 4,
                    "content": "怎样形容男人的很大呢？求神评",
                    "comment_count": 0,
                    "id_str": "63252737084",
                    "media_type": 0,
                    "share_count": 0,
                    "type": 3,
                    "status": 140,
                    "has_comments": 0,
                    "user_bury": 0,
                    "activity": {},
                    "status_desc": "已发表，粉丝第一时间可见",
                    "quick_comment": false,
                    "display_type": 0,
                    "neihan_hot_end_time": "00-00-00",
                    "user_digg": 0,
                    "online_time": 1499655582,
                    "category_name": "内涵段子",
                    "category_visible": true,
                    "bury_count": 2,
                    "is_anonymous": false,
                    "repin_count": 0,
                    "is_neihan_hot": false,
                    "digg_count": 6,
                    "has_hot_comments": 0,
                    "allow_dislike": true,
                    "user_repin": 0,
                    "neihan_hot_link": {},
                    "group_id": 63252737084,
                    "category_id": 1
                },
                "comments": [],
                "type": 1,
                "display_time": 1499741539,
                "online_time": 1499741539
            },
            {
                "group": {
                    "text": "男：“我给你当牛做马好吗？”女：“好哇！”男：“那你要每天给我草哦！”女：“每天！哦”",
                    "neihan_hot_start_time": "00-00-00",
                    "dislike_reason": [
                        {
                            "type": 1,
                            "id": 302,
                            "title": "糗人糗事"
                        },
                        {
                            "type": 1,
                            "id": 440,
                            "title": "内涵"
                        },
                        {
                            "type": 2,
                            "id": 15,
                            "title": "吧:脑残对话"
                        },
                        {
                            "type": 4,
                            "id": 0,
                            "title": "内容重复"
                        },
                        {
                            "type": 3,
                            "id": 6983441645,
                            "title": "作者:帅气的小金鱼"
                        }
                    ],
                    "create_time": 1497793325,
                    "id": 62187403614,
                    "favorite_count": 206,
                    "go_detail_count": 55402,
                    "user_favorite": 0,
                    "share_type": 1,
                    "user": {
                        "user_id": 6983441645,
                        "name": "帅气的小金鱼",
                        "followings": 0,
                        "user_verified": false,
                        "ugc_count": 22,
                        "avatar_url": "http://p1.pstatp.com/medium/96b000c72173a490778",
                        "followers": 25,
                        "is_following": false,
                        "is_pro_user": false
                    },
                    "is_can_share": 1,
                    "category_type": 2,
                    "share_url": "http://m.neihanshequ.com/share/group/62187403614/?iid=12051092680&app=joke_essay",
                    "label": 4,
                    "content": "男：“我给你当牛做马好吗？”女：“好哇！”男：“那你要每天给我草哦！”女：“每天！哦”",
                    "comment_count": 114,
                    "id_str": "62187403614",
                    "media_type": 0,
                    "share_count": 310,
                    "type": 3,
                    "status": 103,
                    "has_comments": 0,
                    "user_bury": 0,
                    "activity": {},
                    "status_desc": "已发表，粉丝第一时间可见",
                    "quick_comment": false,
                    "display_type": 0,
                    "neihan_hot_end_time": "00-00-00",
                    "user_digg": 0,
                    "online_time": 1497793325,
                    "category_name": "脑残对话",
                    "category_visible": true,
                    "bury_count": 247,
                    "is_anonymous": false,
                    "repin_count": 206,
                    "is_neihan_hot": false,
                    "digg_count": 5060,
                    "has_hot_comments": 0,
                    "allow_dislike": true,
                    "user_repin": 0,
                    "neihan_hot_link": {},
                    "group_id": 62187403614,
                    "category_id": 15
                },
                "comments": [],
                "type": 1,
                "display_time": 1499741504,
                "online_time": 1499741504
            },
            {
                "online_time": 1499741470,
                "display_time": 1499741470,
                "type": 5,
                "ad": {
                    "log_extra": {
                        "rit": 11,
                        "ad_price": "WWNXywAIHQVZY1fLAAgdBa5hoKEuawG2JnV_Gg",
                        "req_id": "20170711110103010003047211982C2D",
                        "convert_id": 0
                    },
                    "open_url": "",
                    "track_url": "http://m2167.oadz.com/mp;C;2167;80474;JqUbzwqigY+rIMAVvKPeNIT6xdA=?*",
                    "display_info": "新用户首单购买黑白生日蛋糕，就送精美纪念版礼品！",
                    "web_url": "http://m.21cake.com/goods-413.html?ozs=80473-2167",
                    "avatar_name": "21cake",
                    "id": 62362884470,
                    "display_image_height": 720,
                    "display_image_width": 1280,
                    "title": "新用户首单购买黑白生日蛋糕，就送精美纪念版礼品！",
                    "label": "广告",
                    "track_url_list": [
                        "http://m2167.oadz.com/mp;C;2167;80474;JqUbzwqigY+rIMAVvKPeNIT6xdA=?*"
                    ],
                    "display_image": "http://p1.pstatp.com/large/288300078b6442b97d8d",
                    "filter_words": [
                        {
                            "id": "1:15",
                            "name": "本地服务",
                            "is_selected": false
                        },
                        {
                            "id": "1:166",
                            "name": "面包蛋糕",
                            "is_selected": false
                        },
                        {
                            "id": "2:0",
                            "name": "来源:21cake",
                            "is_selected": false
                        },
                        {
                            "id": "4:2",
                            "name": "看过了",
                            "is_selected": false
                        }
                    ],
                    "type": "web",
                    "is_ad": 1,
                    "gif_url": "",
                    "ad_id": 62362884470,
                    "button_text": "查看详情",
                    "display_type": 3,
                    "click_delay": 0,
                    "ab_show_style": 2,
                    "avatar_url": "http://p1.pstatp.com/origin/9197/1375840585",
                    "end_time": 1813654680
                }
            },
            {
                "group": {
                    "text": "一强盗入自家门，主人掏出身份证、房产证，还找来邻居作证说明并强烈遣责强盗入错门，但强盗还是赖在这里一天又一天，为了劝其离开，只好煮粥少放一把米，看其会不会自行离开。",
                    "neihan_hot_start_time": "00-00-00",
                    "dislike_reason": [
                        {
                            "type": 1,
                            "id": 319,
                            "title": "恶搞"
                        },
                        {
                            "type": 2,
                            "id": 80,
                            "title": "吧:来自世界的恶意"
                        },
                        {
                            "type": 4,
                            "id": 0,
                            "title": "内容重复"
                        },
                        {
                            "type": 3,
                            "id": 6757798672,
                            "title": "作者:人生不相见-"
                        }
                    ],
                    "create_time": 1499356425,
                    "id": 63055260919,
                    "favorite_count": 8,
                    "go_detail_count": 27267,
                    "user_favorite": 0,
                    "share_type": 1,
                    "user": {
                        "user_id": 6757798672,
                        "name": "人生不相见-",
                        "followings": 0,
                        "user_verified": false,
                        "ugc_count": 254,
                        "avatar_url": "http://p3.pstatp.com/medium/18a50019daab25d01b67",
                        "followers": 307,
                        "is_following": false,
                        "is_pro_user": false
                    },
                    "is_can_share": 1,
                    "category_type": 1,
                    "share_url": "http://m.neihanshequ.com/share/group/63055260919/?iid=12051092680&app=joke_essay",
                    "label": 1,
                    "content": "一强盗入自家门，主人掏出身份证、房产证，还找来邻居作证说明并强烈遣责强盗入错门，但强盗还是赖在这里一天又一天，为了劝其离开，只好煮粥少放一把米，看其会不会自行离开。",
                    "comment_count": 40,
                    "id_str": "63055260919",
                    "media_type": 0,
                    "share_count": 1,
                    "type": 3,
                    "status": 112,
                    "has_comments": 0,
                    "user_bury": 0,
                    "activity": {},
                    "status_desc": "热门发帖",
                    "quick_comment": false,
                    "display_type": 0,
                    "neihan_hot_end_time": "00-00-00",
                    "user_digg": 0,
                    "online_time": 1499356425,
                    "category_name": "来自世界的恶意",
                    "category_visible": true,
                    "bury_count": 134,
                    "is_anonymous": false,
                    "repin_count": 8,
                    "is_neihan_hot": false,
                    "digg_count": 1043,
                    "has_hot_comments": 0,
                    "allow_dislike": true,
                    "user_repin": 0,
                    "neihan_hot_link": {},
                    "group_id": 63055260919,
                    "category_id": 80
                },
                "comments": [],
                "type": 1,
                "display_time": 1499741469,
                "online_time": 1499741469
            },
            {
                "group": {
                    "text": "话说，中国喊麦第一人是谁？我的脑海里突然出现这个问题，瞬间闪过一个人………宫廷玉液酒，180一杯！ 我是不是暴露了什么",
                    "neihan_hot_start_time": "00-00-00",
                    "dislike_reason": [
                        {
                            "type": 2,
                            "id": 59,
                            "title": "吧:突然觉得哪里不对"
                        },
                        {
                            "type": 4,
                            "id": 0,
                            "title": "内容重复"
                        },
                        {
                            "type": 3,
                            "id": 5418340468,
                            "title": "作者:淮北分行行长"
                        }
                    ],
                    "create_time": 1499601454,
                    "id": 63225139062,
                    "favorite_count": 59,
                    "go_detail_count": 41933,
                    "user_favorite": 0,
                    "share_type": 1,
                    "user": {
                        "user_id": 5418340468,
                        "name": "淮北分行行长",
                        "followings": 0,
                        "user_verified": false,
                        "ugc_count": 150,
                        "avatar_url": "http://p3.pstatp.com/medium/1dcf001161dc04fdabfb",
                        "followers": 64,
                        "is_following": false,
                        "is_pro_user": false
                    },
                    "is_can_share": 1,
                    "category_type": 1,
                    "share_url": "http://m.neihanshequ.com/share/group/63225139062/?iid=12051092680&app=joke_essay",
                    "label": 4,
                    "content": "话说，中国喊麦第一人是谁？我的脑海里突然出现这个问题，瞬间闪过一个人………宫廷玉液酒，180一杯！ 我是不是暴露了什么",
                    "comment_count": 91,
                    "id_str": "63225139062",
                    "media_type": 0,
                    "share_count": 5,
                    "type": 3,
                    "status": 103,
                    "has_comments": 0,
                    "user_bury": 0,
                    "activity": {},
                    "status_desc": "已发表，粉丝第一时间可见",
                    "quick_comment": false,
                    "display_type": 0,
                    "neihan_hot_end_time": "00-00-00",
                    "user_digg": 0,
                    "online_time": 1499601454,
                    "category_name": "突然觉得哪里不对",
                    "category_visible": true,
                    "bury_count": 108,
                    "is_anonymous": false,
                    "repin_count": 59,
                    "is_neihan_hot": false,
                    "digg_count": 3185,
                    "has_hot_comments": 0,
                    "allow_dislike": true,
                    "user_repin": 0,
                    "neihan_hot_link": {},
                    "group_id": 63225139062,
                    "category_id": 59
                },
                "comments": [],
                "type": 1,
                "display_time": 1499741434,
                "online_time": 1499741434
            },
            {
                "group": {
                    "text": "哮天犬在天是仙，在下是什么",
                    "neihan_hot_start_time": "00-00-00",
                    "dislike_reason": [
                        {
                            "type": 1,
                            "id": 339,
                            "title": "搞笑"
                        },
                        {
                            "type": 2,
                            "id": 15,
                            "title": "吧:脑残对话"
                        },
                        {
                            "type": 4,
                            "id": 0,
                            "title": "内容重复"
                        },
                        {
                            "type": 3,
                            "id": 57124325649,
                            "title": "作者:没想好160452731"
                        }
                    ],
                    "create_time": 1498437814,
                    "id": 62525400808,
                    "favorite_count": 85,
                    "go_detail_count": 114925,
                    "user_favorite": 0,
                    "share_type": 1,
                    "user": {
                        "user_id": 57124325649,
                        "name": "没想好160452731",
                        "followings": 0,
                        "user_verified": false,
                        "ugc_count": 1,
                        "avatar_url": "http://p3.pstatp.com/medium/1bf4001075aaa64436de",
                        "followers": 5,
                        "is_following": false,
                        "is_pro_user": false
                    },
                    "is_can_share": 1,
                    "category_type": 2,
                    "share_url": "http://m.neihanshequ.com/share/group/62525400808/?iid=12051092680&app=joke_essay",
                    "label": 4,
                    "content": "哮天犬在天是仙，在下是什么",
                    "comment_count": 1290,
                    "id_str": "62525400808",
                    "media_type": 0,
                    "share_count": 2088,
                    "type": 3,
                    "status": 103,
                    "has_comments": 0,
                    "user_bury": 0,
                    "activity": {},
                    "status_desc": "已发表，粉丝第一时间可见",
                    "quick_comment": false,
                    "display_type": 0,
                    "neihan_hot_end_time": "00-00-00",
                    "user_digg": 0,
                    "online_time": 1498437814,
                    "category_name": "脑残对话",
                    "category_visible": true,
                    "bury_count": 718,
                    "is_anonymous": false,
                    "repin_count": 85,
                    "is_neihan_hot": false,
                    "digg_count": 3739,
                    "has_hot_comments": 0,
                    "allow_dislike": true,
                    "user_repin": 0,
                    "neihan_hot_link": {},
                    "group_id": 62525400808,
                    "category_id": 15
                },
                "comments": [],
                "type": 1,
                "display_time": 1499741399,
                "online_time": 1499741399
            }
        ]
    }
}